<?xml version="1.0" encoding="utf-8"?><feed xmlns="http://www.w3.org/2005/Atom" ><generator uri="https://jekyllrb.com/" version="3.8.4">Jekyll</generator><link href="http://localhost:4000/feed.xml" rel="self" type="application/atom+xml" /><link href="http://localhost:4000/" rel="alternate" type="text/html" /><updated>2018-09-21T17:23:03+05:30</updated><id>http://localhost:4000/feed.xml</id><title type="html">Your awesome title</title><subtitle>Write an awesome description for your new site here. You can edit this line in _config.yml. It will appear in your document head meta (for Google search results) and in your feed.xml site description.</subtitle><entry><title type="html">Welcome to Jekyll!</title><link href="http://localhost:4000/jekyll/update/2018/09/21/welcome-to-jekyll.html" rel="alternate" type="text/html" title="Welcome to Jekyll!" /><published>2018-09-21T14:18:43+05:30</published><updated>2018-09-21T14:18:43+05:30</updated><id>http://localhost:4000/jekyll/update/2018/09/21/welcome-to-jekyll</id><content type="html" xml:base="http://localhost:4000/jekyll/update/2018/09/21/welcome-to-jekyll.html">&lt;p&gt;You’ll find this post in your &lt;code class=&quot;highlighter-rouge&quot;&gt;_posts&lt;/code&gt; directory. Go ahead and edit it and re-build the site to see your changes. You can rebuild the site in many different ways, but the most common way is to run &lt;code class=&quot;highlighter-rouge&quot;&gt;jekyll serve&lt;/code&gt;, which launches a web server and auto-regenerates your site when a file is updated.&lt;/p&gt;

&lt;p&gt;To add new posts, simply add a file in the &lt;code class=&quot;highlighter-rouge&quot;&gt;_posts&lt;/code&gt; directory that follows the convention &lt;code class=&quot;highlighter-rouge&quot;&gt;YYYY-MM-DD-name-of-post.ext&lt;/code&gt; and includes the necessary front matter. Take a look at the source for this post to get an idea about how it works.&lt;/p&gt;

&lt;p&gt;Jekyll also offers powerful support for code snippets:&lt;/p&gt;

&lt;figure class=&quot;highlight&quot;&gt;&lt;pre&gt;&lt;code class=&quot;language-ruby&quot; data-lang=&quot;ruby&quot;&gt;&lt;span class=&quot;k&quot;&gt;def&lt;/span&gt; &lt;span class=&quot;nf&quot;&gt;print_hi&lt;/span&gt;&lt;span class=&quot;p&quot;&gt;(&lt;/span&gt;&lt;span class=&quot;nb&quot;&gt;name&lt;/span&gt;&lt;span class=&quot;p&quot;&gt;)&lt;/span&gt;
  &lt;span class=&quot;nb&quot;&gt;puts&lt;/span&gt; &lt;span class=&quot;s2&quot;&gt;&quot;Hi, &lt;/span&gt;&lt;span class=&quot;si&quot;&gt;#{&lt;/span&gt;&lt;span class=&quot;nb&quot;&gt;name&lt;/span&gt;&lt;span class=&quot;si&quot;&gt;}&lt;/span&gt;&lt;span class=&quot;s2&quot;&gt;&quot;&lt;/span&gt;
&lt;span class=&quot;k&quot;&gt;end&lt;/span&gt;
&lt;span class=&quot;n&quot;&gt;print_hi&lt;/span&gt;&lt;span class=&quot;p&quot;&gt;(&lt;/span&gt;&lt;span class=&quot;s1&quot;&gt;'Tom'&lt;/span&gt;&lt;span class=&quot;p&quot;&gt;)&lt;/span&gt;
&lt;span class=&quot;c1&quot;&gt;#=&amp;gt; prints 'Hi, Tom' to STDOUT.&lt;/span&gt;&lt;/code&gt;&lt;/pre&gt;&lt;/figure&gt;

&lt;p&gt;Check out the &lt;a href=&quot;https://jekyllrb.com/docs/home&quot;&gt;Jekyll docs&lt;/a&gt; for more info on how to get the most out of Jekyll. File all bugs/feature requests at &lt;a href=&quot;https://github.com/jekyll/jekyll&quot;&gt;Jekyll’s GitHub repo&lt;/a&gt;. If you have questions, you can ask them on &lt;a href=&quot;https://talk.jekyllrb.com/&quot;&gt;Jekyll Talk&lt;/a&gt;.&lt;/p&gt;</content><author><name></name></author><summary type="html">You’ll find this post in your _posts directory. Go ahead and edit it and re-build the site to see your changes. You can rebuild the site in many different ways, but the most common way is to run jekyll serve, which launches a web server and auto-regenerates your site when a file is updated.</summary></entry><entry><title type="html">Typograhy example</title><link href="http://localhost:4000/2015/03/19/typography.html" rel="alternate" type="text/html" title="Typograhy example" /><published>2015-03-19T00:00:00+05:30</published><updated>2015-03-19T00:00:00+05:30</updated><id>http://localhost:4000/2015/03/19/typography</id><content type="html" xml:base="http://localhost:4000/2015/03/19/typography.html">&lt;p&gt;&lt;img src=&quot;/emerald/img/img-test.png&quot; alt=&quot;Test&quot; title=&quot;Test&quot; /&gt;
Lorem ipsum dolor sit amet, &lt;a href=&quot;http://www.example.com&quot;&gt;consectetur adipisicing&lt;/a&gt; elit. Id, aliquam magni et officiis nemo nihil aliquid placeat alias. Eum voluptates ducimus, nobis ex illum laboriosam quidem corrupti impedit ratione in voluptatum amet beatae facilis temporibus voluptate praesentium voluptatibus! At ab, iusto error amet eveniet debitis ipsa recusandae possimus minima sunt itaque, nulla ducimus officia, consequatur ipsum laudantium magnam hic fuga vero incidunt nostrum. Commodi, perspiciatis ut nostrum fugit nulla cumque voluptate harum nemo accusamus?&lt;/p&gt;

&lt;h2 id=&quot;this-is-a-h2&quot;&gt;This is a h2&lt;/h2&gt;

&lt;h3 id=&quot;h3-h4-h5-and-h6-have-the-same-style&quot;&gt;h3, h4, h5 and h6 have the same style.&lt;/h3&gt;

&lt;p&gt;Lorem ipsum dolor sit amet, consectetur adipisicing elit. Voluptas sed quo atque &lt;em&gt;perspiciatis&lt;/em&gt;. Eius cum possimus, maxime unde, asperiores neque blanditiis molestiae ipsa odit. &lt;strong&gt;Laboriosam&lt;/strong&gt;, error! Ipsa officia magnam at ratione commodi porro nulla consequuntur eum quia nisi officiis cupiditate reprehenderit provident facilis rem, nobis quidem fugiat, et! Tempore maiores reprehenderit laboriosam rerum?&lt;/p&gt;

&lt;blockquote&gt;
  &lt;p&gt;This is a blockquote&lt;/p&gt;
&lt;/blockquote&gt;

&lt;h3 id=&quot;unordered-list&quot;&gt;Unordered list&lt;/h3&gt;
&lt;ul&gt;
  &lt;li&gt;list 1&lt;/li&gt;
  &lt;li&gt;list 2&lt;/li&gt;
  &lt;li&gt;list 3&lt;/li&gt;
  &lt;li&gt;list 4&lt;/li&gt;
&lt;/ul&gt;

&lt;h3 id=&quot;ordered-list&quot;&gt;Ordered list&lt;/h3&gt;
&lt;ol&gt;
  &lt;li&gt;one&lt;/li&gt;
  &lt;li&gt;two&lt;/li&gt;
  &lt;li&gt;three&lt;/li&gt;
  &lt;li&gt;four&lt;/li&gt;
&lt;/ol&gt;</content><author><name></name></author><summary type="html">Lorem ipsum dolor sit amet, consectetur adipisicing elit. Id, aliquam magni et officiis nemo nihil aliquid placeat alias. Eum voluptates ducimus, nobis ex illum laboriosam quidem corrupti impedit ratione in voluptatum amet beatae facilis temporibus voluptate praesentium voluptatibus! At ab, iusto error amet eveniet debitis ipsa recusandae possimus minima sunt itaque, nulla ducimus officia, consequatur ipsum laudantium magnam hic fuga vero incidunt nostrum. Commodi, perspiciatis ut nostrum fugit nulla cumque voluptate harum nemo accusamus?</summary></entry><entry><title type="html">Code Syntax</title><link href="http://localhost:4000/2015/03/01/code-syntax.html" rel="alternate" type="text/html" title="Code Syntax" /><published>2015-03-01T00:00:00+05:30</published><updated>2015-03-01T00:00:00+05:30</updated><id>http://localhost:4000/2015/03/01/code-syntax</id><content type="html" xml:base="http://localhost:4000/2015/03/01/code-syntax.html">&lt;p&gt;To insert highlight code inside of a post, it’s enough to use some specific tags, has directly described into the &lt;a href=&quot;http://jekyllrb.com/docs/templates/#code-snippet-highlighting&quot;&gt;Jekyll documentation&lt;/a&gt;. In this way the code will be included into a &lt;code class=&quot;highlighter-rouge&quot;&gt;.highlight&lt;/code&gt; CSS class and will be highlight according to the &lt;a href=&quot;https://github.com/mojombo/tpw/blob/master/css/syntax.css&quot;&gt;syntax.scss&lt;/a&gt; file. This is the standard style adopted by &lt;strong&gt;Github&lt;/strong&gt; to highlight the code.&lt;/p&gt;

&lt;p&gt;This is a CSS example:&lt;/p&gt;

&lt;figure class=&quot;highlight&quot;&gt;&lt;pre&gt;&lt;code class=&quot;language-css&quot; data-lang=&quot;css&quot;&gt;&lt;table class=&quot;rouge-table&quot;&gt;&lt;tbody&gt;&lt;tr&gt;&lt;td class=&quot;gutter gl&quot;&gt;&lt;pre class=&quot;lineno&quot;&gt;1
2
3
4
5
6
7
8
&lt;/pre&gt;&lt;/td&gt;&lt;td class=&quot;code&quot;&gt;&lt;pre&gt;&lt;span class=&quot;nt&quot;&gt;body&lt;/span&gt; &lt;span class=&quot;p&quot;&gt;{&lt;/span&gt;
  &lt;span class=&quot;nl&quot;&gt;background-color&lt;/span&gt;&lt;span class=&quot;p&quot;&gt;:&lt;/span&gt; &lt;span class=&quot;m&quot;&gt;#fff&lt;/span&gt;&lt;span class=&quot;p&quot;&gt;;&lt;/span&gt;
  &lt;span class=&quot;p&quot;&gt;}&lt;/span&gt;

&lt;span class=&quot;nt&quot;&gt;h1&lt;/span&gt; &lt;span class=&quot;p&quot;&gt;{&lt;/span&gt;
  &lt;span class=&quot;nl&quot;&gt;color&lt;/span&gt;&lt;span class=&quot;p&quot;&gt;:&lt;/span&gt; &lt;span class=&quot;m&quot;&gt;#ffaa33&lt;/span&gt;&lt;span class=&quot;p&quot;&gt;;&lt;/span&gt;
  &lt;span class=&quot;nl&quot;&gt;font-size&lt;/span&gt;&lt;span class=&quot;p&quot;&gt;:&lt;/span&gt; &lt;span class=&quot;m&quot;&gt;1.5em&lt;/span&gt;&lt;span class=&quot;p&quot;&gt;;&lt;/span&gt;
  &lt;span class=&quot;p&quot;&gt;}&lt;/span&gt;&lt;/pre&gt;&lt;/td&gt;&lt;/tr&gt;&lt;/tbody&gt;&lt;/table&gt;&lt;/code&gt;&lt;/pre&gt;&lt;/figure&gt;

&lt;p&gt;And this is a HTML example, with a linenumber:&lt;/p&gt;

&lt;figure class=&quot;highlight&quot;&gt;&lt;pre&gt;&lt;code class=&quot;language-html&quot; data-lang=&quot;html&quot;&gt;&lt;table class=&quot;rouge-table&quot;&gt;&lt;tbody&gt;&lt;tr&gt;&lt;td class=&quot;gutter gl&quot;&gt;&lt;pre class=&quot;lineno&quot;&gt;1
2
3
&lt;/pre&gt;&lt;/td&gt;&lt;td class=&quot;code&quot;&gt;&lt;pre&gt;&lt;span class=&quot;nt&quot;&gt;&amp;lt;html&amp;gt;&lt;/span&gt;
  &lt;span class=&quot;nt&quot;&gt;&amp;lt;a&lt;/span&gt; &lt;span class=&quot;na&quot;&gt;href=&lt;/span&gt;&lt;span class=&quot;s&quot;&gt;&quot;example.com&quot;&lt;/span&gt;&lt;span class=&quot;nt&quot;&gt;&amp;gt;&lt;/span&gt;Example&lt;span class=&quot;nt&quot;&gt;&amp;lt;/a&amp;gt;&lt;/span&gt;
&lt;span class=&quot;nt&quot;&gt;&amp;lt;/html&amp;gt;&lt;/span&gt;&lt;/pre&gt;&lt;/td&gt;&lt;/tr&gt;&lt;/tbody&gt;&lt;/table&gt;&lt;/code&gt;&lt;/pre&gt;&lt;/figure&gt;

&lt;p&gt;Last, a Ruby example:&lt;/p&gt;

&lt;figure class=&quot;highlight&quot;&gt;&lt;pre&gt;&lt;code class=&quot;language-ruby&quot; data-lang=&quot;ruby&quot;&gt;&lt;table class=&quot;rouge-table&quot;&gt;&lt;tbody&gt;&lt;tr&gt;&lt;td class=&quot;gutter gl&quot;&gt;&lt;pre class=&quot;lineno&quot;&gt;1
2
3
&lt;/pre&gt;&lt;/td&gt;&lt;td class=&quot;code&quot;&gt;&lt;pre&gt;&lt;span class=&quot;k&quot;&gt;def&lt;/span&gt; &lt;span class=&quot;nf&quot;&gt;hello&lt;/span&gt;
  &lt;span class=&quot;nb&quot;&gt;puts&lt;/span&gt; &lt;span class=&quot;s2&quot;&gt;&quot;Hello World!&quot;&lt;/span&gt;
&lt;span class=&quot;k&quot;&gt;end&lt;/span&gt;&lt;/pre&gt;&lt;/td&gt;&lt;/tr&gt;&lt;/tbody&gt;&lt;/table&gt;&lt;/code&gt;&lt;/pre&gt;&lt;/figure&gt;</content><author><name></name></author><summary type="html">To insert highlight code inside of a post, it’s enough to use some specific tags, has directly described into the Jekyll documentation. In this way the code will be included into a .highlight CSS class and will be highlight according to the syntax.scss file. This is the standard style adopted by Github to highlight the code.</summary></entry><entry><title type="html">Example 3</title><link href="http://localhost:4000/2015/02/15/example-3.html" rel="alternate" type="text/html" title="Example 3" /><published>2015-02-15T00:00:00+05:30</published><updated>2015-02-15T00:00:00+05:30</updated><id>http://localhost:4000/2015/02/15/example-3</id><content type="html" xml:base="http://localhost:4000/2015/02/15/example-3.html">&lt;p&gt;Lorem ipsum dolor sit amet, consectetur adipisicing elit. Cupiditate est optio ut impedit architecto iusto tempore rem, voluptates sed magni nisi corrupti praesentium voluptatum harum expedita temporibus ipsam, odit ad distinctio! Labore cupiditate distinctio facere earum, iste! Reiciendis possimus voluptatum explicabo corporis ab. Ex adipisci laudantium mollitia vel optio deserunt blanditiis cum dolore beatae facilis molestias ut a doloribus recusandae delectus, repudiandae, rerum quo eaque quaerat enim dolores perspiciatis voluptatum odio accusamus! Doloribus fuga provident, magni eaque consequatur quia incidunt similique. Nostrum animi facere mollitia, corrupti vitae, itaque maiores consequatur, explicabo, sapiente molestiae consequuntur! Aliquam hic dolorum atque dolorem repudiandae nostrum optio praesentium quisquam vero. Nostrum illum modi aut, ratione qui! Quas laudantium, soluta asperiores minima molestiae similique consequatur ut.&lt;/p&gt;

&lt;p&gt;Lorem ipsum dolor sit amet, consectetur adipisicing elit. Assumenda ad tenetur, numquam aliquid excepturi fuga. Pariatur numquam rem possimus, optio voluptate aspernatur ex, ipsum tenetur earum molestiae nulla suscipit sequi labore fugit repudiandae natus? Nam vel rem, rerum maxime harum. Molestias suscipit quaerat molestiae dolores fuga earum modi, distinctio repellat, laborum commodi quibusdam ex dolore, eius maiores architecto necessitatibus. Repellendus a vitae, est nesciunt. Aspernatur fugiat labore cumque, optio, magni, aperiam ut totam error eligendi iure culpa illum dolorum quam?&lt;/p&gt;</content><author><name></name></author><summary type="html">Lorem ipsum dolor sit amet, consectetur adipisicing elit. Cupiditate est optio ut impedit architecto iusto tempore rem, voluptates sed magni nisi corrupti praesentium voluptatum harum expedita temporibus ipsam, odit ad distinctio! Labore cupiditate distinctio facere earum, iste! Reiciendis possimus voluptatum explicabo corporis ab. Ex adipisci laudantium mollitia vel optio deserunt blanditiis cum dolore beatae facilis molestias ut a doloribus recusandae delectus, repudiandae, rerum quo eaque quaerat enim dolores perspiciatis voluptatum odio accusamus! Doloribus fuga provident, magni eaque consequatur quia incidunt similique. Nostrum animi facere mollitia, corrupti vitae, itaque maiores consequatur, explicabo, sapiente molestiae consequuntur! Aliquam hic dolorum atque dolorem repudiandae nostrum optio praesentium quisquam vero. Nostrum illum modi aut, ratione qui! Quas laudantium, soluta asperiores minima molestiae similique consequatur ut.</summary></entry><entry><title type="html">Example 4</title><link href="http://localhost:4000/2015/02/15/example-4.html" rel="alternate" type="text/html" title="Example 4" /><published>2015-02-15T00:00:00+05:30</published><updated>2015-02-15T00:00:00+05:30</updated><id>http://localhost:4000/2015/02/15/example-4</id><content type="html" xml:base="http://localhost:4000/2015/02/15/example-4.html">&lt;p&gt;Lorem ipsum dolor sit amet, consectetur adipisicing elit. Cupiditate est optio ut impedit architecto iusto tempore rem, voluptates sed magni nisi corrupti praesentium voluptatum harum expedita temporibus ipsam, odit ad distinctio! Labore cupiditate distinctio facere earum, iste! Reiciendis possimus voluptatum explicabo corporis ab. Ex adipisci laudantium mollitia vel optio deserunt blanditiis cum dolore beatae facilis molestias ut a doloribus recusandae delectus, repudiandae, rerum quo eaque quaerat enim dolores perspiciatis voluptatum odio accusamus! Doloribus fuga provident, magni eaque consequatur quia incidunt similique. Nostrum animi facere mollitia, corrupti vitae, itaque maiores consequatur, explicabo, sapiente molestiae consequuntur! Aliquam hic dolorum atque dolorem repudiandae nostrum optio praesentium quisquam vero. Nostrum illum modi aut, ratione qui! Quas laudantium, soluta asperiores minima molestiae similique consequatur ut.&lt;/p&gt;

&lt;p&gt;Lorem ipsum dolor sit amet, consectetur adipisicing elit. Assumenda ad tenetur, numquam aliquid excepturi fuga. Pariatur numquam rem possimus, optio voluptate aspernatur ex, ipsum tenetur earum molestiae nulla suscipit sequi labore fugit repudiandae natus? Nam vel rem, rerum maxime harum. Molestias suscipit quaerat molestiae dolores fuga earum modi, distinctio repellat, laborum commodi quibusdam ex dolore, eius maiores architecto necessitatibus. Repellendus a vitae, est nesciunt. Aspernatur fugiat labore cumque, optio, magni, aperiam ut totam error eligendi iure culpa illum dolorum quam?&lt;/p&gt;</content><author><name></name></author><summary type="html">Lorem ipsum dolor sit amet, consectetur adipisicing elit. Cupiditate est optio ut impedit architecto iusto tempore rem, voluptates sed magni nisi corrupti praesentium voluptatum harum expedita temporibus ipsam, odit ad distinctio! Labore cupiditate distinctio facere earum, iste! Reiciendis possimus voluptatum explicabo corporis ab. Ex adipisci laudantium mollitia vel optio deserunt blanditiis cum dolore beatae facilis molestias ut a doloribus recusandae delectus, repudiandae, rerum quo eaque quaerat enim dolores perspiciatis voluptatum odio accusamus! Doloribus fuga provident, magni eaque consequatur quia incidunt similique. Nostrum animi facere mollitia, corrupti vitae, itaque maiores consequatur, explicabo, sapiente molestiae consequuntur! Aliquam hic dolorum atque dolorem repudiandae nostrum optio praesentium quisquam vero. Nostrum illum modi aut, ratione qui! Quas laudantium, soluta asperiores minima molestiae similique consequatur ut.</summary></entry><entry><title type="html">Example 5</title><link href="http://localhost:4000/2015/02/15/example-5.html" rel="alternate" type="text/html" title="Example 5" /><published>2015-02-15T00:00:00+05:30</published><updated>2015-02-15T00:00:00+05:30</updated><id>http://localhost:4000/2015/02/15/example-5</id><content type="html" xml:base="http://localhost:4000/2015/02/15/example-5.html">&lt;p&gt;Lorem ipsum dolor sit amet, consectetur adipisicing elit. Cupiditate est optio ut impedit architecto iusto tempore rem, voluptates sed magni nisi corrupti praesentium voluptatum harum expedita temporibus ipsam, odit ad distinctio! Labore cupiditate distinctio facere earum, iste! Reiciendis possimus voluptatum explicabo corporis ab. Ex adipisci laudantium mollitia vel optio deserunt blanditiis cum dolore beatae facilis molestias ut a doloribus recusandae delectus, repudiandae, rerum quo eaque quaerat enim dolores perspiciatis voluptatum odio accusamus! Doloribus fuga provident, magni eaque consequatur quia incidunt similique. Nostrum animi facere mollitia, corrupti vitae, itaque maiores consequatur, explicabo, sapiente molestiae consequuntur! Aliquam hic dolorum atque dolorem repudiandae nostrum optio praesentium quisquam vero. Nostrum illum modi aut, ratione qui! Quas laudantium, soluta asperiores minima molestiae similique consequatur ut.&lt;/p&gt;

&lt;p&gt;Lorem ipsum dolor sit amet, consectetur adipisicing elit. Assumenda ad tenetur, numquam aliquid excepturi fuga. Pariatur numquam rem possimus, optio voluptate aspernatur ex, ipsum tenetur earum molestiae nulla suscipit sequi labore fugit repudiandae natus? Nam vel rem, rerum maxime harum. Molestias suscipit quaerat molestiae dolores fuga earum modi, distinctio repellat, laborum commodi quibusdam ex dolore, eius maiores architecto necessitatibus. Repellendus a vitae, est nesciunt. Aspernatur fugiat labore cumque, optio, magni, aperiam ut totam error eligendi iure culpa illum dolorum quam?&lt;/p&gt;</content><author><name></name></author><summary type="html">Lorem ipsum dolor sit amet, consectetur adipisicing elit. Cupiditate est optio ut impedit architecto iusto tempore rem, voluptates sed magni nisi corrupti praesentium voluptatum harum expedita temporibus ipsam, odit ad distinctio! Labore cupiditate distinctio facere earum, iste! Reiciendis possimus voluptatum explicabo corporis ab. Ex adipisci laudantium mollitia vel optio deserunt blanditiis cum dolore beatae facilis molestias ut a doloribus recusandae delectus, repudiandae, rerum quo eaque quaerat enim dolores perspiciatis voluptatum odio accusamus! Doloribus fuga provident, magni eaque consequatur quia incidunt similique. Nostrum animi facere mollitia, corrupti vitae, itaque maiores consequatur, explicabo, sapiente molestiae consequuntur! Aliquam hic dolorum atque dolorem repudiandae nostrum optio praesentium quisquam vero. Nostrum illum modi aut, ratione qui! Quas laudantium, soluta asperiores minima molestiae similique consequatur ut.</summary></entry><entry><title type="html">Example 6</title><link href="http://localhost:4000/2015/02/15/example-6.html" rel="alternate" type="text/html" title="Example 6" /><published>2015-02-15T00:00:00+05:30</published><updated>2015-02-15T00:00:00+05:30</updated><id>http://localhost:4000/2015/02/15/example-6</id><content type="html" xml:base="http://localhost:4000/2015/02/15/example-6.html">&lt;p&gt;Lorem ipsum dolor sit amet, consectetur adipisicing elit. Cupiditate est optio ut impedit architecto iusto tempore rem, voluptates sed magni nisi corrupti praesentium voluptatum harum expedita temporibus ipsam, odit ad distinctio! Labore cupiditate distinctio facere earum, iste! Reiciendis possimus voluptatum explicabo corporis ab. Ex adipisci laudantium mollitia vel optio deserunt blanditiis cum dolore beatae facilis molestias ut a doloribus recusandae delectus, repudiandae, rerum quo eaque quaerat enim dolores perspiciatis voluptatum odio accusamus! Doloribus fuga provident, magni eaque consequatur quia incidunt similique. Nostrum animi facere mollitia, corrupti vitae, itaque maiores consequatur, explicabo, sapiente molestiae consequuntur! Aliquam hic dolorum atque dolorem repudiandae nostrum optio praesentium quisquam vero. Nostrum illum modi aut, ratione qui! Quas laudantium, soluta asperiores minima molestiae similique consequatur ut.&lt;/p&gt;

&lt;p&gt;Lorem ipsum dolor sit amet, consectetur adipisicing elit. Assumenda ad tenetur, numquam aliquid excepturi fuga. Pariatur numquam rem possimus, optio voluptate aspernatur ex, ipsum tenetur earum molestiae nulla suscipit sequi labore fugit repudiandae natus? Nam vel rem, rerum maxime harum. Molestias suscipit quaerat molestiae dolores fuga earum modi, distinctio repellat, laborum commodi quibusdam ex dolore, eius maiores architecto necessitatibus. Repellendus a vitae, est nesciunt. Aspernatur fugiat labore cumque, optio, magni, aperiam ut totam error eligendi iure culpa illum dolorum quam?&lt;/p&gt;</content><author><name></name></author><summary type="html">Lorem ipsum dolor sit amet, consectetur adipisicing elit. Cupiditate est optio ut impedit architecto iusto tempore rem, voluptates sed magni nisi corrupti praesentium voluptatum harum expedita temporibus ipsam, odit ad distinctio! Labore cupiditate distinctio facere earum, iste! Reiciendis possimus voluptatum explicabo corporis ab. Ex adipisci laudantium mollitia vel optio deserunt blanditiis cum dolore beatae facilis molestias ut a doloribus recusandae delectus, repudiandae, rerum quo eaque quaerat enim dolores perspiciatis voluptatum odio accusamus! Doloribus fuga provident, magni eaque consequatur quia incidunt similique. Nostrum animi facere mollitia, corrupti vitae, itaque maiores consequatur, explicabo, sapiente molestiae consequuntur! Aliquam hic dolorum atque dolorem repudiandae nostrum optio praesentium quisquam vero. Nostrum illum modi aut, ratione qui! Quas laudantium, soluta asperiores minima molestiae similique consequatur ut.</summary></entry><entry><title type="html">Example 7</title><link href="http://localhost:4000/2015/02/15/example-7.html" rel="alternate" type="text/html" title="Example 7" /><published>2015-02-15T00:00:00+05:30</published><updated>2015-02-15T00:00:00+05:30</updated><id>http://localhost:4000/2015/02/15/example-7</id><content type="html" xml:base="http://localhost:4000/2015/02/15/example-7.html">&lt;p&gt;Lorem ipsum dolor sit amet, consectetur adipisicing elit. Cupiditate est optio ut impedit architecto iusto tempore rem, voluptates sed magni nisi corrupti praesentium voluptatum harum expedita temporibus ipsam, odit ad distinctio! Labore cupiditate distinctio facere earum, iste! Reiciendis possimus voluptatum explicabo corporis ab. Ex adipisci laudantium mollitia vel optio deserunt blanditiis cum dolore beatae facilis molestias ut a doloribus recusandae delectus, repudiandae, rerum quo eaque quaerat enim dolores perspiciatis voluptatum odio accusamus! Doloribus fuga provident, magni eaque consequatur quia incidunt similique. Nostrum animi facere mollitia, corrupti vitae, itaque maiores consequatur, explicabo, sapiente molestiae consequuntur! Aliquam hic dolorum atque dolorem repudiandae nostrum optio praesentium quisquam vero. Nostrum illum modi aut, ratione qui! Quas laudantium, soluta asperiores minima molestiae similique consequatur ut.&lt;/p&gt;

&lt;p&gt;Lorem ipsum dolor sit amet, consectetur adipisicing elit. Assumenda ad tenetur, numquam aliquid excepturi fuga. Pariatur numquam rem possimus, optio voluptate aspernatur ex, ipsum tenetur earum molestiae nulla suscipit sequi labore fugit repudiandae natus? Nam vel rem, rerum maxime harum. Molestias suscipit quaerat molestiae dolores fuga earum modi, distinctio repellat, laborum commodi quibusdam ex dolore, eius maiores architecto necessitatibus. Repellendus a vitae, est nesciunt. Aspernatur fugiat labore cumque, optio, magni, aperiam ut totam error eligendi iure culpa illum dolorum quam?&lt;/p&gt;</content><author><name></name></author><summary type="html">Lorem ipsum dolor sit amet, consectetur adipisicing elit. Cupiditate est optio ut impedit architecto iusto tempore rem, voluptates sed magni nisi corrupti praesentium voluptatum harum expedita temporibus ipsam, odit ad distinctio! Labore cupiditate distinctio facere earum, iste! Reiciendis possimus voluptatum explicabo corporis ab. Ex adipisci laudantium mollitia vel optio deserunt blanditiis cum dolore beatae facilis molestias ut a doloribus recusandae delectus, repudiandae, rerum quo eaque quaerat enim dolores perspiciatis voluptatum odio accusamus! Doloribus fuga provident, magni eaque consequatur quia incidunt similique. Nostrum animi facere mollitia, corrupti vitae, itaque maiores consequatur, explicabo, sapiente molestiae consequuntur! Aliquam hic dolorum atque dolorem repudiandae nostrum optio praesentium quisquam vero. Nostrum illum modi aut, ratione qui! Quas laudantium, soluta asperiores minima molestiae similique consequatur ut.</summary></entry><entry><title type="html">Example 8</title><link href="http://localhost:4000/2015/02/15/example-8.html" rel="alternate" type="text/html" title="Example 8" /><published>2015-02-15T00:00:00+05:30</published><updated>2015-02-15T00:00:00+05:30</updated><id>http://localhost:4000/2015/02/15/example-8</id><content type="html" xml:base="http://localhost:4000/2015/02/15/example-8.html">&lt;p&gt;Lorem ipsum dolor sit amet, consectetur adipisicing elit. Cupiditate est optio ut impedit architecto iusto tempore rem, voluptates sed magni nisi corrupti praesentium voluptatum harum expedita temporibus ipsam, odit ad distinctio! Labore cupiditate distinctio facere earum, iste! Reiciendis possimus voluptatum explicabo corporis ab. Ex adipisci laudantium mollitia vel optio deserunt blanditiis cum dolore beatae facilis molestias ut a doloribus recusandae delectus, repudiandae, rerum quo eaque quaerat enim dolores perspiciatis voluptatum odio accusamus! Doloribus fuga provident, magni eaque consequatur quia incidunt similique. Nostrum animi facere mollitia, corrupti vitae, itaque maiores consequatur, explicabo, sapiente molestiae consequuntur! Aliquam hic dolorum atque dolorem repudiandae nostrum optio praesentium quisquam vero. Nostrum illum modi aut, ratione qui! Quas laudantium, soluta asperiores minima molestiae similique consequatur ut.&lt;/p&gt;

&lt;p&gt;Lorem ipsum dolor sit amet, consectetur adipisicing elit. Assumenda ad tenetur, numquam aliquid excepturi fuga. Pariatur numquam rem possimus, optio voluptate aspernatur ex, ipsum tenetur earum molestiae nulla suscipit sequi labore fugit repudiandae natus? Nam vel rem, rerum maxime harum. Molestias suscipit quaerat molestiae dolores fuga earum modi, distinctio repellat, laborum commodi quibusdam ex dolore, eius maiores architecto necessitatibus. Repellendus a vitae, est nesciunt. Aspernatur fugiat labore cumque, optio, magni, aperiam ut totam error eligendi iure culpa illum dolorum quam?&lt;/p&gt;</content><author><name></name></author><summary type="html">Lorem ipsum dolor sit amet, consectetur adipisicing elit. Cupiditate est optio ut impedit architecto iusto tempore rem, voluptates sed magni nisi corrupti praesentium voluptatum harum expedita temporibus ipsam, odit ad distinctio! Labore cupiditate distinctio facere earum, iste! Reiciendis possimus voluptatum explicabo corporis ab. Ex adipisci laudantium mollitia vel optio deserunt blanditiis cum dolore beatae facilis molestias ut a doloribus recusandae delectus, repudiandae, rerum quo eaque quaerat enim dolores perspiciatis voluptatum odio accusamus! Doloribus fuga provident, magni eaque consequatur quia incidunt similique. Nostrum animi facere mollitia, corrupti vitae, itaque maiores consequatur, explicabo, sapiente molestiae consequuntur! Aliquam hic dolorum atque dolorem repudiandae nostrum optio praesentium quisquam vero. Nostrum illum modi aut, ratione qui! Quas laudantium, soluta asperiores minima molestiae similique consequatur ut.</summary></entry><entry><title type="html">Example 2</title><link href="http://localhost:4000/2015/02/15/example-2.html" rel="alternate" type="text/html" title="Example 2" /><published>2015-02-15T00:00:00+05:30</published><updated>2015-02-15T00:00:00+05:30</updated><id>http://localhost:4000/2015/02/15/example-2</id><content type="html" xml:base="http://localhost:4000/2015/02/15/example-2.html">&lt;p&gt;Lorem ipsum dolor sit amet, consectetur adipisicing elit. Cupiditate est optio ut impedit architecto iusto tempore rem, voluptates sed magni nisi corrupti praesentium voluptatum harum expedita temporibus ipsam, odit ad distinctio! Labore cupiditate distinctio facere earum, iste! Reiciendis possimus voluptatum explicabo corporis ab. Ex adipisci laudantium mollitia vel optio deserunt blanditiis cum dolore beatae facilis molestias ut a doloribus recusandae delectus, repudiandae, rerum quo eaque quaerat enim dolores perspiciatis voluptatum odio accusamus! Doloribus fuga provident, magni eaque consequatur quia incidunt similique. Nostrum animi facere mollitia, corrupti vitae, itaque maiores consequatur, explicabo, sapiente molestiae consequuntur! Aliquam hic dolorum atque dolorem repudiandae nostrum optio praesentium quisquam vero. Nostrum illum modi aut, ratione qui! Quas laudantium, soluta asperiores minima molestiae similique consequatur ut.&lt;/p&gt;

&lt;p&gt;Lorem ipsum dolor sit amet, consectetur adipisicing elit. Assumenda ad tenetur, numquam aliquid excepturi fuga. Pariatur numquam rem possimus, optio voluptate aspernatur ex, ipsum tenetur earum molestiae nulla suscipit sequi labore fugit repudiandae natus? Nam vel rem, rerum maxime harum. Molestias suscipit quaerat molestiae dolores fuga earum modi, distinctio repellat, laborum commodi quibusdam ex dolore, eius maiores architecto necessitatibus. Repellendus a vitae, est nesciunt. Aspernatur fugiat labore cumque, optio, magni, aperiam ut totam error eligendi iure culpa illum dolorum quam?&lt;/p&gt;</content><author><name></name></author><summary type="html">Lorem ipsum dolor sit amet, consectetur adipisicing elit. Cupiditate est optio ut impedit architecto iusto tempore rem, voluptates sed magni nisi corrupti praesentium voluptatum harum expedita temporibus ipsam, odit ad distinctio! Labore cupiditate distinctio facere earum, iste! Reiciendis possimus voluptatum explicabo corporis ab. Ex adipisci laudantium mollitia vel optio deserunt blanditiis cum dolore beatae facilis molestias ut a doloribus recusandae delectus, repudiandae, rerum quo eaque quaerat enim dolores perspiciatis voluptatum odio accusamus! Doloribus fuga provident, magni eaque consequatur quia incidunt similique. Nostrum animi facere mollitia, corrupti vitae, itaque maiores consequatur, explicabo, sapiente molestiae consequuntur! Aliquam hic dolorum atque dolorem repudiandae nostrum optio praesentium quisquam vero. Nostrum illum modi aut, ratione qui! Quas laudantium, soluta asperiores minima molestiae similique consequatur ut.</summary></entry></feed>